Comparacion peso colombiano a Dolar;;;;;;
Fecha;ultimo;Apertura;maximo;minimo;Vol;% var
08.03.2023;4750.94;4761;4782.44;4725.32;0;-0.21%
07.03.2023;4761;4732.01;4769.12;4683.1;0;0.61%
06.03.2023;4732.01;4788.63;4790;4704.5;0;-1.1%
03.03.2023;4784.5;4814.65;4815.15;4748.29;0;-0.57%
02.03.2023;4811.9;4830.18;4898.5;4805.93;0;-0.33%
01.03.2023;4827.81;4859.9;4892.59;4812.5;0;-0.59%
28.02.2023;4856.68;4761.01;4869.85;4761.01;0;2.07%
27.02.2023;4758.26;4840.15;4848.59;4755.75;0;-1.64%
24.02.2023;4837.4;4858.15;4879.41;4815.37;0;-0.37%
23.02.2023;4855.4;4896.35;4906.48;4834.06;0;-0.78%
22.02.2023;4893.36;4961.5;4961.75;4890.53;0;-1.21%
21.02.2023;4953.43;4916.31;4979;4894.35;0;0.8%
20.02.2023;4913.94;4905.1;4923.04;4881.63;0;0.3%
17.02.2023;4899.45;4927.09;4956.19;4879.77;0;-0.55%
16.02.2023;4926.34;4896.9;4998.49;4880.33;0;0.63%
15.02.2023;4895.45;4751.5;4928.75;4751.5;0;3.08%
14.02.2023;4749;4831.6;4831.84;4733.32;0;-0.8%
13.02.2023;4787.31;4798.85;4837.75;4768.74;0;-0.25%
10.02.2023;4799.18;4736.46;4811.75;4724.48;0;1.2%
09.02.2023;4742.25;4762.35;4773.02;4717.82;0;-0.5%
08.02.2023;4766.05;4729.06;4793.55;4726.17;0;0.85%
07.02.2023;4726.06;4786.25;4798.3;4726.31;0;-1.2%
06.02.2023;4783.25;4699.25;4803.7;4692.24;0;1.88%
03.02.2023;4695;4623;4714.8;4598.65;0;2.38%
02.02.2023;4586;4647.4;4647.4;4542.58;0;-0.26%
01.02.2023;4598.05;4668.51;4670.38;4598.89;0;-1.49%
31.01.2023;4667.72;4651.96;4673.63;4591.9;0;0.36%
30.01.2023;4650.8;4573.29;4663.6;4551.86;0;2.19%
27.01.2023;4551;4527.7;4582.85;4502.36;0;0.57%
26.01.2023;4525.2;4560.9;4571.3;4502.04;0;-0.01%
25.01.2023;4525.48;4521;4563.85;4489.54;0;0.26%
24.01.2023;4513.54;4559;4567.15;4505.63;0;-0.94%
23.01.2023;4556.5;4618.27;4618.27;4532.02;0;-0.73%
20.01.2023;4590;4702.72;4702.72;4595;0;-1.6%
19.01.2023;4664.48;4691.95;4720.46;4666.23;0;-0.53%
18.01.2023;4689.45;4727.4;4735.5;4678.23;0;-0.75%
17.01.2023;4724.9;4684.5;4735.6;4675.05;0;0.75%
16.01.2023;4689.88;4670.78;4689.88;4670.78;0;0.11%
13.01.2023;4684.56;4686.51;4718.27;4675.3;0;0.07%
12.01.2023;4681.51;4733;4733.02;4671.1;0;-1.03%
11.01.2023;4730;4787.83;4788.07;4728.13;0;-1.13%
10.01.2023;4784;4853.08;4853.21;4783.48;0;-1.33%
09.01.2023;4848.34;4860.81;4861.42;4849.3;0;-0.22%
06.01.2023;4859;4966.35;4973.65;4844.18;0;-2.07%
05.01.2023;4961.6;4930.25;5008.88;4930.23;0;0.81%
04.01.2023;4921.57;4895.01;4948.27;4874.24;0;0.6%
03.01.2023;4892;4848;4895.99;4818.11;0;0.91%
02.01.2023;4848;4848.67;4848.67;4848;0;0.02%
30.12.2022;4847;4850.83;4851.9;4844.99;0;0%
29.12.2022;4847;4774.73;4851.58;4765.88;0;1.62%
28.12.2022;4769.77;4763.56;4782.38;4750.12;0;0.16%
27.12.2022;4762;4730.95;4784.76;4730.64;0;0.74%
26.12.2022;4727;4729;4731;4728.5;0;-0.03%
23.12.2022;4728.33;4761;4761.88;4727.79;0;-0.62%
22.12.2022;4758;4767.83;4769;4751.32;0;-0.15%
21.12.2022;4765;4777.15;4777.15;4754.26;0;0.06%
20.12.2022;4762.07;4776;4783.13;4762.22;0;-0.25%
19.12.2022;4773.88;4790.26;4790.63;4770.33;0;-0.24%
16.12.2022;4785.51;4793.92;4814.9;4788.29;0;-0.11%
15.12.2022;4791;4780.75;4804.36;4775.83;0;0.27%
14.12.2022;4778;4765.41;4786.05;4757.65;0;0.34%
13.12.2022;4762;4849.93;4849.93;4761.5;0;-1.62%
12.12.2022;4840.33;4809.85;4861;4805.5;0;0.71%
09.12.2022;4806;4824.34;4834.23;4804.49;0;-0.19%
08.12.2022;4815.18;4825.21;4826.17;4819.09;0;-0.04%
07.12.2022;4817.18;4833.64;4843.88;4819.38;0;-0.27%
06.12.2022;4830;4835.5;4836.85;4806.8;0;-0.06%
05.12.2022;4832.68;4771.54;4837.68;4765.2;0;1.34%
02.12.2022;4768.6;4767.98;4798.7;4747.93;0;0.19%
01.12.2022;4759.6;4830.57;4831.42;4764.8;0;-1.4%
30.11.2022;4827;4811.13;4841.41;4789.08;0;0.43%
29.11.2022;4806.38;4833.38;4834.17;4801.19;0;-0.5%
28.11.2022;4830.64;4882.5;4882.5;4825.13;0;-0.64%
25.11.2022;4861.6;4909.9;4914.29;4862.24;0;-0.88%
24.11.2022;4904.7;4887;4911.45;4882.45;0;0.58%
23.11.2022;4876.47;4907.14;4907.14;4859;0;-0.53%
22.11.2022;4902.39;4950.67;4950.67;4895.27;0;-0.9%
21.11.2022;4947;4997.19;5003.44;4936.6;0;-0.75%
18.11.2022;4984.25;4999.38;5018.2;4950.48;0;-0.2%
17.11.2022;4994.38;4941.33;5041.45;4941.33;0;1.18%
16.11.2022;4936;4846.52;4966.4;4841.67;0;1.92%
15.11.2022;4843;4805.31;4849.22;4767.21;0;0.85%
14.11.2022;4802;4805.73;4814.13;4798.13;0;0.02%
11.11.2022;4801.1;4806.08;4810.5;4798.61;0;0.08%
10.11.2022;4797.06;4890;4909.18;4781.43;0;-1.94%
09.11.2022;4891.81;4974;4977.35;4890.06;0;-1.56%
08.11.2022;4969.25;5115;5123.13;4964.91;0;-2.64%
07.11.2022;5104;5096.59;5109;5089.85;0;0.33%
04.11.2022;5087;5068.85;5118.17;4999.92;0;0.57%
03.11.2022;5057.94;5003.03;5105.35;5000.53;0;1.2%
02.11.2022;4998.03;5003.5;5010.3;4969.93;0;-0.1%
01.11.2022;5003;4936.6;5015.25;4887.83;0;1.49%
31.10.2022;4929.35;4835;4946.33;4829.75;0;2.22%
28.10.2022;4822.08;4800;4867.71;4760.04;0;0.73%
27.10.2022;4787.08;4884.06;4889.98;4792.79;0;-1.73%
26.10.2022;4871.14;4975.2;4989.34;4873.38;0;-1.86%
25.10.2022;4963.45;4990;4990.88;4911.55;0;-0.3%
24.10.2022;4978.25;4918.1;5003.58;4912.2;0;1.47%
21.10.2022;4906.35;4904;4960.13;4877.55;0;0.29%
20.10.2022;4892.25;4840;4923.63;4836.38;0;1.2%
19.10.2022;4834.13;4762.1;4859.79;4759.71;0;1.64%
18.10.2022;4756.23;4735;4791.02;4682;0;0.57%
17.10.2022;4729.13;4698;4735.94;4693.23;0;0.79%
14.10.2022;4692.13;4575.71;4702;4548.25;0;2.68%
13.10.2022;4569.83;4607.9;4661.35;4574.52;0;-0.7%
12.10.2022;4602.03;4607.25;4628.06;4597.65;0;0.01%
11.10.2022;4601.38;4606.02;4636.76;4583.79;0;0.03%
10.10.2022;4600.15;4620;4620;4602.57;0;-0.3%
07.10.2022;4614.13;4613.5;4637.31;4575.87;0;0.14%
06.10.2022;4607.63;4581.9;4659.89;4573.33;0;0.69%
05.10.2022;4576.03;4496.5;4584.94;4491.5;0;1.9%
04.10.2022;4490.63;4530.02;4534.88;4462.04;0;-0.74%
03.10.2022;4524.14;4610;4610.46;4511.69;0;-1.74%
30.09.2022;4604.13;4528.69;4616.25;4524.04;0;1.8%
29.09.2022;4522.82;4490;4548.5;4486.52;0;0.86%
28.09.2022;4484.13;4554;4556.6;4462.02;0;-1.41%
27.09.2022;4548.13;4541.6;4575.19;4516.56;0;0.27%
26.09.2022;4535.73;4438.5;4550.69;4436.73;0;2.33%
23.09.2022;4432.63;4365.1;4463.19;4365.1;0;1.67%
22.09.2022;4359.81;4408;4408.22;4364.53;0;-0.97%
21.09.2022;4402.71;4426.25;4428.79;4393.65;0;-0.41%
20.09.2022;4420.96;4407;4435.4;4399;0;0.44%
19.09.2022;4401.71;4435.2;4452.35;4392.6;0;-0.64%
16.09.2022;4429.91;4418.09;4449.4;4412.73;0;0.39%
15.09.2022;4412.8;4392.5;4425.1;4385.01;0;0.62%
14.09.2022;4385.45;4412.5;4428.55;4366.35;0;-0.45%
13.09.2022;4405.45;4361.25;4431.52;4359.08;0;1.18%
12.09.2022;4354.2;4353;4370.1;4322.23;0;0.19%
09.09.2022;4345.95;4397.75;4424.15;4346.85;0;-1.02%
08.09.2022;4390.7;4400.3;4427.8;4363.54;0;-0.06%
07.09.2022;4393.25;4481;4511.5;4395.63;0;-1.8%
06.09.2022;4473.95;4465;4504.9;4450;0;0.36%
05.09.2022;4457.95;4486.5;4487.27;4465;0;-0.48%
02.09.2022;4479.45;4488;4508.65;4429.87;0;-0.03%
01.09.2022;4480.95;4429;4491.63;4426.06;0;1.31%
31.08.2022;4423;4422.5;4447;4401.58;0;0.17%
30.08.2022;4415.45;4367;4429.33;4349.9;0;1.27%
29.08.2022;4359.95;4401.11;4416.48;4363.67;0;-0.78%
26.08.2022;4394.06;4395.4;4417.27;4355.1;0;0.13%
25.08.2022;4388.35;4411;4444.4;4387.85;0;-0.35%
24.08.2022;4403.95;4358;4416;4344.45;0;1.22%
23.08.2022;4350.95;4399.98;4409.9;4355.02;0;-0.96%
22.08.2022;4392.93;4377;4414.9;4372.17;0;0.53%
19.08.2022;4369.95;4390;4431.15;4366.35;0;-0.31%
18.08.2022;4383.54;4344.55;4447;4342.38;0;1.05%
17.08.2022;4338.09;4255;4349.6;4247.59;0;2.11%
16.08.2022;4248.54;4163;4256;4155;0;2.2%
15.08.2022;4157.13;4162;4170;4155.52;0;0.02%
12.08.2022;4156.13;4231;4232.22;4154.44;0;-1.63%
11.08.2022;4225.13;4274;4275.65;4214.44;0;-1.01%
10.08.2022;4268.13;4350;4351.63;4256.87;0;-1.75%
09.08.2022;4344.13;4316.36;4353.25;4274.13;0;0.86%
08.08.2022;4306.96;4345.1;4349.8;4291.8;0;-0.66%
05.08.2022;4335.7;4295;4360;4295;0;1.17%
04.08.2022;4285.6;4305.6;4322.06;4245.2;0;-0.25%
03.08.2022;4296.2;4324;4357;4304.1;0;-0.43%
02.08.2022;4314.6;4277.5;4328.5;4277.5;0;1.09%
01.08.2022;4268.1;4287;4296.63;4217.81;0;-0.22%
29.07.2022;4277.6;4371;4377.35;4238.5;0;-1.93%
28.07.2022;4361.6;4425;4427.01;4349.8;0;-1.22%
27.07.2022;4415.6;4444;4445.17;4404.1;0;-0.4%
26.07.2022;4433.29;4467.8;4471.5;4412.93;0;-0.51%
25.07.2022;4456.05;4465;4484.75;4426.13;0;0.06%
22.07.2022;4453.25;4426.55;4470.83;4407.34;0;0.87%
21.07.2022;4414.8;4356;4437.06;4344;0;1.62%
20.07.2022;4344.25;4322.6;4356;4316.1;0;0.72%
19.07.2022;4313.2;4305.65;4346.5;4280;0;0.39%
18.07.2022;4296.25;4359;4363.15;4292.42;0;-1.23%
15.07.2022;4349.6;4492;4499.15;4348.83;0;-2.97%
14.07.2022;4482.6;4490;4582.25;4482.24;0;-0.07%
13.07.2022;4485.65;4625;4660;4480;0;-2.95%
12.07.2022;4622.05;4578.88;4665.21;4573.5;0;1.15%
11.07.2022;4569.48;4420.5;4579.24;4413.77;0;3.59%
08.07.2022;4411.1;4395;4429.15;4351;0;0.58%
07.07.2022;4385.6;4353.5;4400.13;4321.52;0;0.96%
06.07.2022;4344.1;4280;4398.2;4277.87;0;1.72%
05.07.2022;4270.6;4205.05;4282.45;4205.05;0;1.79%
04.07.2022;4195.65;4205.05;4205.05;4198.39;0;0%
01.07.2022;4195.65;4151.37;4212.94;4151.37;0;1.3%
30.06.2022;4141.97;4117;4179.8;4115.65;0;0.84%
29.06.2022;4107.6;4096;4151.25;4080.01;0;0.51%
28.06.2022;4086.6;4133;4140.5;4062;0;-0.9%
27.06.2022;4123.6;4140.5;4144.85;4125;0;-0.18%
24.06.2022;4131.1;4102;4156.7;4082.56;0;0.85%
23.06.2022;4096.13;4020.75;4118.4;4016.69;0;2.02%
22.06.2022;4014.88;4022.5;4043.44;4010.56;0;0.1%
21.06.2022;4010.75;3904.99;4035.43;3902.01;0;2.89%
20.06.2022;3897.94;3904.99;3904.99;3904.99;0;0%
17.06.2022;3897.94;3898;3921;3889;0;0.18%
16.06.2022;3890.95;3897.6;3943.7;3890.77;0;0.19%
15.06.2022;3883.5;3968.9;3980.4;3889.15;0;-1.92%
14.06.2022;3959.5;3971;4001.75;3948.6;0;-0.05%
13.06.2022;3961.6;3944.4;4041.9;3936.12;0;0.68%
10.06.2022;3935;3851.9;3945.45;3851.9;0;2.51%
09.06.2022;3838.66;3805;3865.9;3801;0;1.13%
08.06.2022;3795.6;3787;3808.15;3762;0;0.48%
07.06.2022;3777.6;3793;3822;3763.05;0;-0.16%
06.06.2022;3783.6;3775.5;3816.95;3773;0;0.46%
03.06.2022;3766.1;3774;3786.41;3754.7;0;0.04%
02.06.2022;3764.6;3802;3806.16;3769.05;0;-0.74%
01.06.2022;3792.6;3770;3811.1;3760;0;0.85%
31.05.2022;3760.6;3800;3814.9;3763.45;0;-0.85%
30.05.2022;3792.95;3933.5;3933.5;3795;0;-3.4%
27.05.2022;3926.45;3922;3947.5;3892.1;0;0.29%
26.05.2022;3914.95;3937.6;3945;3918.1;0;-0.4%
25.05.2022;3930.55;3976.33;3996.5;3934.05;0;-0.98%
24.05.2022;3969.28;3980;3980.48;3956.8;0;-0.09%
23.05.2022;3972.95;3972;3980;3925;0;0.2%
20.05.2022;3964.95;4054.72;4055.2;3959;0;-2.04%
19.05.2022;4047.67;4072.96;4072.96;4037;0;-0.45%
18.05.2022;4065.91;4030.5;4074.75;4018.63;0;1.06%
17.05.2022;4023.45;4055;4057.49;4013;0;-0.61%
16.05.2022;4047.95;4110.5;4115.06;4045.5;0;-1.35%
13.05.2022;4103.45;4109.98;4121;4094.16;0;0.01%
12.05.2022;4102.93;4083.75;4133;4076.29;0;0.64%
11.05.2022;4076.7;4078;4105;4065.55;0;0.14%
10.05.2022;4070.95;4091;4103.5;4062;0;-0.32%
09.05.2022;4083.95;4057.75;4101;4049;0;0.82%
06.05.2022;4050.7;4088.25;4091.59;4029.48;0;-0.75%
05.05.2022;4081.2;4068.25;4106.65;4055;0;0.49%
04.05.2022;4061.2;4030;4078.9;4020;0;0.95%
03.05.2022;4022.95;4009.98;4031;3984.5;0;0.5%
02.05.2022;4002.93;3958;4017;3955.02;0;1.32%
29.04.2022;3950.95;3984.95;3987.93;3951.35;0;-0.68%
28.04.2022;3977.9;3955;3999.75;3954.79;0;0.76%
27.04.2022;3947.95;3944.7;3986.95;3942.73;0;0.26%
26.04.2022;3937.65;3936.5;3965.1;3933.03;0;0.21%
25.04.2022;3929.45;3856;3959.67;3852.08;0;2.01%
22.04.2022;3852.01;3774;3859;3772.12;0;2.18%
21.04.2022;3770.01;3759.41;3777;3747;0;0.39%
20.04.2022;3755.41;3749.5;3769.16;3743.5;0;0.26%
19.04.2022;3745.5;3732.5;3768;3732.5;0;0.46%
18.04.2022;3728.51;3723;3744;3716.71;0;0.26%
15.04.2022;3719.01;3743;3744;3723;0;-0.44%
14.04.2022;3735.27;3723;3747;3720.73;0;0.44%
13.04.2022;3719.01;3753.33;3762;3718.25;0;-0.78%
12.04.2022;3748.15;3739;3768;3710.01;0;0.38%
11.04.2022;3733.82;3757;3762;3732.01;0;-0.48%
08.04.2022;3751.82;3769.46;3798;3749;0;-0.33%
07.04.2022;3764.27;3752;3780;3740;0;0.47%
06.04.2022;3746.82;3740.96;3762;3725;0;0.3%
05.04.2022;3735.77;3704.5;3749.91;3693;0;0.99%
04.04.2022;3699.32;3749.05;3754.4;3690;0;-1.19%
01.04.2022;3743.87;3773;3797.96;3749.05;0;-0.64%
31.03.2022;3767.82;3753.71;3773;3746.46;0;0.51%
30.03.2022;3748.52;3755.16;3766.96;3737.53;0;-0.07%
29.03.2022;3751.16;3785.21;3786.65;3755.16;0;-0.79%
28.03.2022;3781.21;3794.66;3808;3775;0;-0.25%
25.03.2022;3790.66;3787;3800;3760.21;0;0.2%
24.03.2022;3783.01;3783.5;3817;3775;0;0.09%
23.03.2022;3779.51;3760.51;3792;3732;0;0.61%
22.03.2022;3756.52;3800;3818.75;3751.5;0;-1.04%
21.03.2022;3796.01;3818.75;3820.82;3800;0;-0.49%
18.03.2022;3814.76;3825;3838.01;3805.05;0;-0.16%
17.03.2022;3821.01;3835;3841.49;3805.16;0;-0.26%
16.03.2022;3831.01;3829;3840;3811.41;0;0.16%
15.03.2022;3825.01;3797.6;3853.96;3787.25;0;0.83%
14.03.2022;3793.61;3820;3830;3771;0;-0.59%
11.03.2022;3816.01;3822;3847.75;3805.43;0;-0.05%
10.03.2022;3818.01;3743;3838;3743;0;2.11%
09.03.2022;3739.01;3771.05;3771.05;3727.8;0;-0.74%
08.03.2022;3767.06;3813;3815;3767.95;0;-1.1%
07.03.2022;3809.01;3830;3830;3798.5;0;-0.44%
04.03.2022;3826.01;3759.45;3830.2;3757.56;0;1.88%
03.03.2022;3755.45;3838;3838;3745.6;0;-2.05%
02.03.2022;3834.01;3883;3890.7;3834.59;0;-1.16%
01.03.2022;3879.01;3937;3947;3880.55;0;-1.37%
28.02.2022;3933.01;3913.54;3943;3894.21;0;0.6%
25.02.2022;3909.55;3927;3927.2;3900;0;-0.34%
24.02.2022;3923.01;3913;3979;3911.76;0;0.36%
23.02.2022;3909.01;3930;3930.2;3904;0;-0.43%
22.02.2022;3926.01;3935;3940;3925;0;-0.13%
21.02.2022;3931.01;3932;3939;3932;0;0.08%
18.02.2022;3928.01;3933.75;3940.48;3919.3;0;-0.06%
17.02.2022;3930.35;3964.41;3971.56;3925.3;0;-0.76%
16.02.2022;3960.41;3950.99;3970.75;3950.99;0;0.32%
15.02.2022;3947.59;3944.88;3956.3;3933.2;0;0.16%
14.02.2022;3941.48;3928.99;3947.58;3914.03;0;0.51%
11.02.2022;3921.42;3924;3933.41;3898;0;0.13%
10.02.2022;3916.44;3937.73;3939;3900.72;0;-0.35%
09.02.2022;3930.16;3948;3957.41;3927.22;0;-0.29%
08.02.2022;3941.63;3965.6;3983;3937.61;0;-0.44%
07.02.2022;3959.23;3952.55;3974.71;3943.33;0;0.33%
04.02.2022;3946.18;3956.44;3975;3946.16;0;-0.1%
03.02.2022;3950.06;3935.01;3960;3925.62;0;0.55%
02.02.2022;3928.64;3925.5;3940;3910;0;0.24%
01.02.2022;3919.13;3947.78;3947.78;3913.84;0;-0.57%
31.01.2022;3941.41;3958;3970;3932.81;0;-0.26%
28.01.2022;3951.63;3963;3995;3952.21;0;-0.13%
27.01.2022;3956.63;3930;3971.5;3924;0;0.83%
26.01.2022;3924.22;3968.15;3975.01;3925.61;0;-0.99%
25.01.2022;3963.56;3976.5;4004;3962.5;0;-0.21%
24.01.2022;3971.91;3956.44;3980.6;3954.46;0;0.49%
21.01.2022;3952.44;3975;3988;3951.6;0;-0.47%
20.01.2022;3971.01;3994.35;3994.35;3966.5;0;-0.48%
19.01.2022;3990.36;4037.2;4037.2;3990;0;-1.06%
18.01.2022;4033.2;4007.25;4041.75;4004.51;0;0.75%
17.01.2022;4003.26;4007.25;4007.25;4007.25;0;0%
14.01.2022;4003.26;3967.41;4017.5;3954;0;1.01%
13.01.2022;3963.41;3974.5;3987.17;3941.46;0;-0.18%
12.01.2022;3970.51;3991.91;3996;3961.67;0;-0.44%
11.01.2022;3987.91;4051.05;4051.05;3991.27;0;-1.46%
10.01.2022;4047.06;4051.05;4052.64;4046;0;0%
07.01.2022;4047.06;4034.5;4059.98;4024;0;0.41%
06.01.2022;4030.51;4025.5;4065;4023.88;0;0.21%
05.01.2022;4022.1;4080.2;4081.09;4014;0;-1.34%
04.01.2022;4076.8;4070;4091.5;4067.97;0;0.25%
03.01.2022;4066.6;4070;4105.5;4036;0;0.03%
31.12.2021;4065.41;4070;4075.74;4064.17;0;0%
30.12.2021;4065.41;4039.05;4054.98;4004.25;0;0.77%
29.12.2021;4034.46;4009;4040;4005;0;0.72%
28.12.2021;4005.6;4000;4011.75;3994.5;0;0.23%
27.12.2021;3996.6;3991;4000;3980;0;0.23%
24.12.2021;3987.6;4000;4005.5;3987.5;0;-0.23%
23.12.2021;3996.6;3999.99;4002.98;3991.4;0;0%
22.12.2021;3996.59;4001.9;4002.9;3989.8;0;-0.05%
21.12.2021;3998.5;4006.5;4007.01;3988.8;0;-0.11%
20.12.2021;4003.1;3974.32;4011.64;3972.64;0;0.81%
17.12.2021;3970.92;4018.8;4033.5;3969.8;0;-1.11%
16.12.2021;4015.4;4000.3;4022.5;3987.05;0;0.46%
15.12.2021;3996.9;4006;4008;3975.01;0;-0.14%
14.12.2021;4002.6;3890.75;4006.2;3890.75;0;2.96%
13.12.2021;3887.35;3900;3900.2;3875.8;0;-0.24%
10.12.2021;3896.6;3903;3907.54;3876;0;-0.08%
09.12.2021;3899.6;3894;3911;3890.55;0;0.23%
08.12.2021;3890.6;3910.98;3915.75;3894;0;-0.43%
07.12.2021;3907.58;3932.5;3935.25;3892.05;0;-0.55%
06.12.2021;3929.1;3966.2;3972.14;3929.08;0;-0.87%
03.12.2021;3963.4;3937;3973.64;3924;0;0.74%
02.12.2021;3934.2;3966.56;3967.41;3925.1;0;-0.75%
01.12.2021;3963.76;3995;3997.52;3937.2;0;-0.71%
30.11.2021;3992.2;4035;4040;3990.5;0;-0.92%
29.11.2021;4029.23;4007;4039.51;3993.61;0;0.7%
26.11.2021;4001.23;3981;4025;3979.01;0;0.65%
25.11.2021;3975.23;3974.5;3981;3963.85;0;0.16%
24.11.2021;3968.73;3950;3992.5;3950;0;0.62%
23.11.2021;3944.23;3925.75;3957;3923.79;0;0.62%
22.11.2021;3919.98;3914;3931;3898.2;0;0.3%
19.11.2021;3908.23;3935;3949.5;3911.87;0;-0.47%
18.11.2021;3926.75;3919;3960.65;3915.93;0;0.26%
17.11.2021;3916.53;3895;3936;3892.8;0;0.62%
16.11.2021;3892.53;3884.8;3912;3884.31;0;0.26%
15.11.2021;3882.33;3882.8;3885.14;3882.67;0;0.05%
12.11.2021;3880.33;3879;3900;3875.26;0;0.1%
11.11.2021;3876.53;3877.5;3887.32;3876.59;0;0.04%
10.11.2021;3875.03;3866.99;3884;3862;0;0.27%
09.11.2021;3864.52;3877;3892.84;3864.7;0;-0.26%
08.11.2021;3874.53;3872.5;3890.3;3857;0;0.12%
05.11.2021;3870.03;3872;3898.9;3863.7;0;0.01%
04.11.2021;3869.53;3830.1;3885;3818.75;0;1.09%
03.11.2021;3827.63;3799;3852.95;3793.57;0;0.82%
02.11.2021;3796.53;3760;3799;3757.1;0;1.04%
01.11.2021;3757.53;3760;3767.62;3757.03;0;0%
29.10.2021;3757.53;3779.5;3798.3;3760;0;-0.47%
28.10.2021;3775.23;3760;3778.56;3749;0;0.47%
27.10.2021;3757.53;3771.5;3771.69;3751.6;0;-0.24%
26.10.2021;3766.48;3767;3779;3765.91;0;0.05%
25.10.2021;3764.53;3768;3775.14;3757;0;-0.03%
22.10.2021;3765.53;3781;3789;3766.47;0;-0.34%
21.10.2021;3778.53;3768.09;3788;3765.43;0;0.34%
20.10.2021;3765.62;3766.8;3776.5;3760;0;0.03%
19.10.2021;3764.33;3769;3772;3750.5;0;-0.06%
18.10.2021;3766.53;3763.67;3774;3758;0;0.14%
15.10.2021;3761.2;3769.5;3785.3;3755.55;0;-0.15%
14.10.2021;3767.03;3740;3774.45;3734.61;0;0.79%
13.10.2021;3737.53;3721.5;3745;3713.5;0;0.5%
12.10.2021;3719.03;3753;3773.32;3716.68;0;-0.84%
11.10.2021;3750.53;3767.35;3767.35;3753;0;-0.38%
08.10.2021;3764.88;3774.5;3775.56;3757.98;0;-0.19%
07.10.2021;3772.03;3788;3788;3761.63;0;-0.36%
06.10.2021;3785.53;3783.5;3804.5;3777.1;0;0.12%
05.10.2021;3781.03;3790;3804.58;3781.98;0;-0.17%
04.10.2021;3787.53;3790;3799.3;3776;0;0%
01.10.2021;3787.53;3807.8;3807.8;3767;0;-0.47%
30.09.2021;3805.33;3836;3839;3803;0;-0.74%
29.09.2021;3833.53;3834;3845.26;3823.4;0;0.05%
28.09.2021;3831.53;3843.25;3850.41;3830.1;0;-0.24%
27.09.2021;3840.78;3834.57;3847.12;3832.67;0;0.23%
24.09.2021;3832.1;3834;3867.19;3832;0;0.01%
23.09.2021;3831.53;3833;3841.7;3827.64;0;0.03%
22.09.2021;3830.53;3837.25;3841.74;3822.5;0;-0.11%
21.09.2021;3834.78;3844;3849.7;3835;0;-0.18%
20.09.2021;3841.53;3827.5;3862;3824.68;0;0.43%
17.09.2021;3825.03;3817.17;3839.3;3811.76;0;0.27%
16.09.2021;3814.7;3815;3829.32;3803.46;0;0.06%
15.09.2021;3812.53;3830.49;3837.09;3807.19;0;-0.4%
14.09.2021;3828.02;3830.6;3837.73;3816.83;0;0%
13.09.2021;3828.13;3835;3843.48;3822.59;0;-0.11%
10.09.2021;3832.53;3843.7;3846.42;3825.93;0;-0.23%
09.09.2021;3841.23;3816.55;3844.08;3811.35;0;0.71%
08.09.2021;3814.08;3800;3824.59;3798.2;0;0.44%
07.09.2021;3797.53;3800;3820.98;3795.51;0;0%
06.09.2021;3797.53;3800;3800;3800;0;0%
03.09.2021;3797.53;3795;3809.33;3773;0;0.13%
02.09.2021;3792.53;3760;3801.97;3755.54;0;0.93%
01.09.2021;3757.53;3769.15;3777.64;3738.9;0;-0.24%
31.08.2021;3766.68;3816.75;3819.88;3761.5;0;-1.21%
30.08.2021;3812.65;3829.01;3836.58;3796.95;0;-0.32%
27.08.2021;3824.91;3867.75;3867.75;3822.23;0;-1.06%
26.08.2021;3865.75;3865.5;3880;3861.45;0;0.06%
25.08.2021;3863.5;3867;3877.26;3853.16;0;-0.04%
24.08.2021;3865;3881.95;3881.95;3849.6;0;-0.39%
23.08.2021;3879.95;3872;3882.84;3847;0;0.26%
20.08.2021;3870;3870.4;3889;3863.65;0;0.09%
19.08.2021;3866.4;3851.5;3892;3848.28;0;0.49%
18.08.2021;3847.5;3880;3886.65;3847.23;0;-0.74%
17.08.2021;3876;3842.2;3885;3840.75;0;0.98%
16.08.2021;3838.2;3842.2;3854.45;3838.88;0;0%
13.08.2021;3838.2;3859;3859;3813.5;0;-0.44%
12.08.2021;3855;3942.2;3953.93;3848.01;0;-2.11%
11.08.2021;3938.2;3968;3971.94;3940.8;0;-0.65%
10.08.2021;3964;3997.35;4009.14;3960.05;0;-0.73%
09.08.2021;3993.35;3967.1;4002.41;3956.64;0;0.76%
06.08.2021;3963.1;3918;3976.07;3907.32;0;1.25%
05.08.2021;3914;3903;3923.12;3895;0;0.38%
04.08.2021;3899;3909.75;3924.78;3888.3;0;-0.17%
03.08.2021;3905.75;3891.5;3926.09;3886;0;0.47%
02.08.2021;3887.5;3878;3895.78;3835.27;0;0.35%
30.07.2021;3874;3847.6;3886.14;3841.65;0;0.79%
29.07.2021;3843.6;3873.5;3877.42;3826.95;0;-0.62%
28.07.2021;3867.5;3932;3936.9;3873;0;-1.54%
27.07.2021;3928;3913.5;3939.7;3897;0;0.47%
26.07.2021;3909.5;3889;3917.81;3889;0;0.63%
23.07.2021;3885;3870.2;3890;3857.18;0;0.49%
22.07.2021;3866.2;3855;3879.34;3847.43;0;0.39%
21.07.2021;3851;3835.5;3872.05;3835.5;0;0.51%
20.07.2021;3831.5;3835.5;3848.58;3833.77;0;0%
19.07.2021;3831.5;3817.6;3858.35;3817.6;0;0.47%
16.07.2021;3813.6;3816.02;3821.33;3797.94;0;0.04%
15.07.2021;3812.02;3794.02;3820.02;3793.26;0;0.58%
14.07.2021;3790.02;3823.2;3823.2;3786.9;0;-0.76%
13.07.2021;3819.2;3822.1;3836.95;3812.9;0;0.03%
12.07.2021;3818.1;3831;3840.5;3814.5;0;-0.23%
09.07.2021;3827;3841;3846.72;3812.05;0;-0.26%
08.07.2021;3837;3832;3864.5;3830.88;0;0.24%
07.07.2021;3828;3779.5;3834.72;3773.48;0;1.39%
06.07.2021;3775.5;3742;3800;3739.89;0;0.98%
05.07.2021;3739;3742;3742;3742;0;0%
02.07.2021;3739;3778;3799;3742;0;-0.98%
01.07.2021;3776;3750;3793;3725.8;0;0.77%
30.06.2021;3747;3767.5;3774.8;3728.8;0;-0.46%
29.06.2021;3764.5;3703;3777;3703;0;1.74%
28.06.2021;3700;3745.15;3754.08;3702.8;0;-1.13%
25.06.2021;3742.15;3766.25;3774;3724.23;0;-0.56%
24.06.2021;3763.25;3784.05;3784.05;3753.5;0;-0.47%
23.06.2021;3781.05;3782.1;3789.99;3749.35;0;0.05%
22.06.2021;3779.1;3760.05;3798;3759.1;0;0.59%
21.06.2021;3757.05;3769;3769;3740;0;-0.24%
18.06.2021;3766;3729;3769.5;3724.69;0;1.07%
17.06.2021;3726;3674;3739;3674;0;1.48%
16.06.2021;3671.75;3698;3705.22;3674;0;-0.65%
15.06.2021;3695.75;3654.5;3705.95;3654.5;0;1.19%
14.06.2021;3652.25;3654.5;3660;3644.09;0;0%
11.06.2021;3652.25;3606;3657.5;3591.9;0;1.35%
10.06.2021;3603.75;3588.93;3609;3578.5;0;0.47%
09.06.2021;3586.93;3594.6;3599.28;3573;0;-0.15%
08.06.2021;3592.35;3607.5;3613.19;3584.26;0;-0.36%
07.06.2021;3605.25;3607.5;3615.11;3600.74;0;0%
04.06.2021;3605.25;3661;3661.36;3593.6;0;-1.46%
03.06.2021;3658.75;3653.5;3673;3642;0;0.21%
02.06.2021;3651.25;3666.3;3666.3;3624.95;0;-0.35%
01.06.2021;3664.05;3708;3708;3662.3;0;-1.13%
31.05.2021;3705.75;3708;3709.61;3705.38;0;0%
28.05.2021;3705.75;3721.71;3733.75;3703.19;0;-0.37%
27.05.2021;3719.46;3743;3747.2;3721.71;0;-0.57%
26.05.2021;3740.75;3739.5;3760;3733.47;0;0.09%
25.05.2021;3737.25;3734.5;3747;3720.91;0;0.13%
24.05.2021;3732.25;3747;3768.8;3732;0;-0.33%
21.05.2021;3744.75;3718.8;3753.7;3708;0;0.8%
20.05.2021;3715.05;3684.95;3748;3681.26;0;0.86%
19.05.2021;3683.45;3660;3695;3656.34;0;0.87%
18.05.2021;3651.56;3685.5;3686.09;3643.35;0;-0.85%
17.05.2021;3682.88;3685.5;3689.25;3679.49;0;0%
14.05.2021;3682.88;3721.1;3725.64;3668;0;-0.96%
13.05.2021;3718.48;3750.5;3753.75;3711.5;0;-0.78%
12.05.2021;3747.88;3712;3753;3704.93;0;1.04%
11.05.2021;3709.38;3706.8;3728.8;3684;0;0.14%
10.05.2021;3704.18;3750;3756.57;3703.64;0;-1.15%
07.05.2021;3747.38;3804;3805.07;3749.73;0;-1.42%
06.05.2021;3801.38;3851;3860.17;3776.89;0;-1.22%
05.05.2021;3848.38;3829.5;3866.75;3812.5;0;0.59%
04.05.2021;3825.75;3804.95;3846;3800.56;0;0.62%
03.05.2021;3802;3753.3;3834;3745.1;0;1.35%
30.04.2021;3751.43;3715.1;3759.05;3709.59;0;1.03%
29.04.2021;3713.23;3696;3728.13;3689.16;0;0.52%
28.04.2021;3694.13;3718.25;3723.57;3691.35;0;-0.59%
27.04.2021;3716;3695;3738.1;3679.27;0;0.62%
26.04.2021;3693.13;3628.5;3696;3626.49;0;1.82%
23.04.2021;3627;3635.35;3651.6;3624;0;-0.19%
22.04.2021;3633.85;3614;3643.6;3597;0;0.59%
21.04.2021;3612.5;3643;3653.9;3612;0;-0.8%
20.04.2021;3641.5;3627;3645.4;3620.61;0;0.44%
19.04.2021;3625.5;3603;3630.8;3593.21;0;0.66%
16.04.2021;3601.88;3612;3622.17;3587.55;0;-0.24%
15.04.2021;3610.5;3656.8;3656.8;3604.7;0;-1.23%
14.04.2021;3655.3;3668.5;3682.79;3652.3;0;-0.32%
13.04.2021;3667;3665;3676.7;3656.5;0;0.1%
12.04.2021;3663.5;3659.5;3666.5;3638.02;0;0.15%
09.04.2021;3658;3629.05;3662.5;3629.05;0;0.84%
08.04.2021;3627.55;3654.59;3656.89;3626.03;0;-0.7%
07.04.2021;3653.09;3636.5;3662.5;3616.7;0;0.49%
06.04.2021;3635.25;3674;3674.13;3632;0;-1.02%
05.04.2021;3672.75;3661.7;3676.08;3631.29;0;0.51%
02.04.2021;3654.2;3661.7;3662.06;3653.71;0;0%
01.04.2021;3654.2;3661.7;3665.35;3652.63;0;-0.13%
31.03.2021;3658.95;3730;3730.38;3659.5;0;-1.83%
30.03.2021;3727.25;3718.99;3755;3713.65;0;0.3%
29.03.2021;3716.24;3689.89;3719.5;3689.89;0;0.79%
26.03.2021;3687.14;3668;3690.6;3640;0;0.6%
25.03.2021;3665.25;3649.4;3669.49;3645.1;0;0.51%
24.03.2021;3646.65;3619.5;3650.5;3608.49;0;0.83%
23.03.2021;3616.75;3559.4;3620.4;3553.94;0;1.67%
22.03.2021;3557.4;3558.9;3570;3554.65;0;0.01%
19.03.2021;3556.9;3547.1;3568.3;3538.03;0;0.33%
18.03.2021;3545.1;3571;3595;3538.55;0;-0.68%
17.03.2021;3569.25;3559.5;3583.51;3557.98;0;0.32%
16.03.2021;3557.75;3559;3567.77;3540.26;0;0.11%
15.03.2021;3554;3576;3591.25;3556.14;0;-0.55%
12.03.2021;3573.5;3556;3589.88;3548.57;0;0.56%
11.03.2021;3553.5;3552.75;3557.06;3515.68;0;0.07%
10.03.2021;3551;3592.5;3594.26;3545.38;0;-1.11%
09.03.2021;3590.75;3604.7;3611.93;3587.2;0;-0.34%
08.03.2021;3602.95;3635.15;3661.85;3600.88;0;-0.84%
05.03.2021;3633.4;3644.9;3671.56;3614.5;0;-0.27%
04.03.2021;3643.15;3681.09;3681.72;3621.5;0;-0.98%
03.03.2021;3679.34;3656.5;3682.06;3651.59;0;0.68%
02.03.2021;3654.5;3619.5;3662.38;3616.96;0;1.01%
01.03.2021;3618;3647;3648.02;3602.5;0;-0.73%
26.02.2021;3644.5;3610.45;3651.95;3603.4;0;1.01%
25.02.2021;3607.95;3565;3612.03;3564;0;1.28%
24.02.2021;3562.5;3594.5;3594.5;3562;0;-0.82%
23.02.2021;3592;3593.5;3598.74;3582.03;0;0.03%
22.02.2021;3591;3571.8;3624.5;3566.4;0;0.61%
19.02.2021;3569.3;3547.33;3579;3532;0;0.69%
18.02.2021;3544.83;3528.2;3549.35;3516.1;0;0.54%
17.02.2021;3525.7;3523.5;3566.85;3517.48;0;0.15%
16.02.2021;3520.45;3496.5;3531;3487.76;0;0.9%
15.02.2021;3489;3496.5;3504.13;3481.9;0;-0.16%
12.02.2021;3494.5;3526.5;3540.64;3496;0;-0.85%
11.02.2021;3524.5;3559.5;3561.47;3517.5;0;-0.93%
10.02.2021;3557.75;3576.3;3586.5;3541;0;-0.47%
09.02.2021;3574.55;3571;3597.95;3561.68;0;0.15%
08.02.2021;3569.25;3555.5;3575.5;3538.77;0;0.44%
05.02.2021;3553.75;3558.19;3567.14;3531.1;0;-0.08%
04.02.2021;3556.44;3535.71;3577.41;3525.87;0;0.64%
03.02.2021;3533.83;3529.21;3545.27;3510;0;0.18%
02.02.2021;3527.33;3573;3573;3507.5;0;-1.23%
01.02.2021;3571.13;3569;3584.71;3540;0;0.1%
29.01.2021;3567.63;3560;3580.54;3538.71;0;0.25%
28.01.2021;3558.63;3606;3633.23;3554.83;0;-1.26%
27.01.2021;3604.13;3613.5;3665.91;3605.68;0;-0.21%
26.01.2021;3611.63;3588;3614.7;3560.05;0;0.72%
25.01.2021;3585.88;3527.71;3616.66;3527.71;0;1.71%
22.01.2021;3525.58;3481.78;3537.05;3477.48;0;1.32%
21.01.2021;3479.66;3467;3492.6;3450;0;0.43%
20.01.2021;3464.88;3491.66;3496;3463.49;0;-0.71%
19.01.2021;3489.53;3478;3508.69;3451.05;0;0.39%
18.01.2021;3475.88;3462.1;3482.84;3461.54;0;0.46%
15.01.2021;3459.98;3446.44;3480.3;3446.44;0;0.45%
14.01.2021;3444.31;3476.94;3484.4;3445.78;0;-0.87%
13.01.2021;3474.69;3477;3497.79;3463.21;0;0%
12.01.2021;3474.75;3501;3504.58;3462.6;0;-0.5%
11.01.2021;3492.25;3468.9;3525.82;3464.77;0;0.75%
08.01.2021;3466.4;3489.99;3500.01;3465.01;0;-0.59%
07.01.2021;3486.99;3414.55;3495.7;3411.84;0;2.19%
06.01.2021;3412.3;3444;3444.63;3409.75;0;-0.84%
05.01.2021;3441.25;3449.5;3470.02;3429.73;0;-0.18%
04.01.2021;3447.5;3422;3453.62;3379.71;0;0.97%
01.01.2021;3414.5;3422;3422;3422;0;0%
31.12.2020;3414.5;3422;3436.47;3412.51;0;-0.15%
30.12.2020;3419.5;3474.5;3475.16;3413.88;0;-1.51%
29.12.2020;3472;3500;3508.23;3471.1;0;-0.69%
28.12.2020;3496.25;3515;3515.75;3480;0;-0.47%
25.12.2020;3512.75;3515;3515;3515;0;0%
24.12.2020;3512.75;3500;3521.64;3479.75;0;0.43%
23.12.2020;3497.75;3465;3502.45;3455;0;1.01%
22.12.2020;3462.75;3431;3466;3423.9;0;0.99%
21.12.2020;3428.75;3419.5;3474.8;3419.5;0;0.34%
18.12.2020;3417.25;3414.1;3427.95;3410.82;0;0.16%
17.12.2020;3411.85;3420.61;3421.7;3399.8;0;-0.18%
16.12.2020;3418.11;3419.7;3423.92;3404.93;0;0.03%
15.12.2020;3417.2;3428;3435.85;3414.15;0;-0.24%
14.12.2020;3425.5;3438.1;3439.5;3409;0;-0.29%
11.12.2020;3435.6;3420.45;3441.95;3416.55;0;0.52%
10.12.2020;3417.95;3476.5;3483;3418.5;0;-1.61%
09.12.2020;3474;3490.5;3496.18;3453.7;0;-0.42%
08.12.2020;3488.5;3490;3501.03;3480.53;0;0.01%
07.12.2020;3488;3466;3496.09;3466;0;0.69%
04.12.2020;3464;3468.5;3478;3451;0;-0.07%
03.12.2020;3466.5;3522.02;3526.48;3468.5;0;-1.52%
02.12.2020;3520.02;3548.5;3564.38;3521.7;0;-0.75%
01.12.2020;3546.5;3596.25;3597.58;3540.6;0;-1.33%
30.11.2020;3594.25;3606.9;3613.24;3580.39;0;-0.3%
27.11.2020;3604.9;3617.7;3628.5;3604.1;0;-0.3%
26.11.2020;3615.7;3617.7;3628.63;3608.03;0;0%
25.11.2020;3615.7;3636;3647;3611.34;0;-0.5%
24.11.2020;3634;3647.55;3656.07;3629.25;0;-0.32%
23.11.2020;3645.55;3632.95;3649.22;3611;0;0.4%
20.11.2020;3630.95;3649.95;3665.13;3628.5;0;-0.47%
19.11.2020;3647.95;3643.5;3659.13;3637.9;0;0.18%
18.11.2020;3641.5;3644.5;3659.51;3623.69;0;-0.03%
17.11.2020;3642.5;3644.4;3652.9;3617.65;0;0.19%
16.11.2020;3635.65;3643.4;3648.17;3630.28;0;-0.14%
13.11.2020;3640.9;3644.05;3651;3630.68;0;-0.02%
12.11.2020;3641.55;3639;3667.45;3632;0;0.21%
11.11.2020;3634;3631.5;3646.47;3623.81;0;0.17%
10.11.2020;3627.75;3649.21;3673.5;3625.9;0;-0.53%
09.11.2020;3647.08;3723;3723.93;3622.5;0;-1.98%
06.11.2020;3720.75;3754;3775;3719.15;0;-0.83%
05.11.2020;3751.75;3815.82;3819.03;3752;0;-1.62%
04.11.2020;3813.57;3819.5;3825.5;3787;0;-0.1%
03.11.2020;3817.5;3869.35;3872.23;3811;0;-1.18%
02.11.2020;3863.1;3870.35;3882.79;3860.03;0;-0.15%
30.10.2020;3868.85;3861.25;3873.5;3846.97;0;0.24%
29.10.2020;3859.75;3830;3866;3828.92;0;0.82%
28.10.2020;3828.5;3809.6;3854.9;3805.7;0;0.55%
27.10.2020;3807.6;3814.85;3820.15;3797.88;0;-0.14%
26.10.2020;3812.85;3789.5;3818.77;3783.89;0;0.67%
23.10.2020;3787.5;3784;3793.49;3770;0;0.15%
22.10.2020;3782;3766.5;3795.9;3754.5;0;0.46%
21.10.2020;3764.5;3825;3829;3763.95;0;-1.53%
20.10.2020;3823;3844.75;3847.43;3816.7;0;-0.51%
19.10.2020;3842.75;3848.1;3849.88;3834.5;0;-0.09%
16.10.2020;3846.1;3850.25;3852;3827.68;0;-0.06%
15.10.2020;3848.25;3839;3862.74;3837.11;0;0.29%
14.10.2020;3837;3862;3863.02;3835;0;-0.6%
13.10.2020;3860;3828;3864.02;3825.92;0;0.95%
12.10.2020;3823.5;3828;3834.86;3825.85;0;0%
09.10.2020;3823.5;3839.5;3839.9;3814.95;0;-0.37%
08.10.2020;3837.75;3844.2;3848.8;3830.72;0;-0.12%
07.10.2020;3842.45;3833;3850;3808.88;0;0.29%
06.10.2020;3831.25;3829.59;3845.5;3807.03;0;0.09%
05.10.2020;3827.84;3872;3878.24;3827.38;0;-1.08%
02.10.2020;3869.75;3845.5;3905.45;3845.5;0;0.69%
01.10.2020;3843.25;3827;3858.5;3797.32;0;0.47%
30.09.2020;3825.25;3886.95;3907;3826.81;0;-1.54%
29.09.2020;3885.2;3873;3896.85;3859.17;0;0.36%
28.09.2020;3871.25;3887;3887.47;3830.2;0;-0.35%
25.09.2020;3885;3827;3893.85;3824.43;0;1.57%
24.09.2020;3825;3862.18;3908.32;3826.38;0;-0.75%
23.09.2020;3853.75;3827.65;3875.1;3823.91;0;0.9%
22.09.2020;3819.34;3789.5;3841.65;3777.77;0;1.03%
21.09.2020;3780.23;3730;3802.48;3728.1;0;1.38%
18.09.2020;3728.88;3715.11;3739;3710.59;0;0.41%
17.09.2020;3713.8;3687.5;3729;3686;0;0.75%
16.09.2020;3686.31;3700.1;3720.08;3680.16;0;-0.07%
15.09.2020;3689;3691.91;3704.26;3668.11;0;0%
14.09.2020;3689.13;3705.5;3723.5;3667;0;-0.44%
11.09.2020;3705.51;3710.11;3726.11;3688.01;0;-0.12%
10.09.2020;3710.11;3713.91;3716.66;3675.01;0;-0.01%
09.09.2020;3710.65;3742.69;3742.69;3710.65;0;-0.74%
08.09.2020;3738.5;3711.5;3772.86;3711.5;0;0.63%
07.09.2020;3715;3718.38;3719.12;3715;0;0%
04.09.2020;3715.01;3691.11;3723.01;3671.22;0;0.65%
03.09.2020;3691;3659.22;3697.8;3621.52;0;0.93%
02.09.2020;3657;3678.75;3690.77;3641.14;0;-0.51%
01.09.2020;3675.85;3745.11;3745.21;3667.41;0;-1.74%
31.08.2020;3741;3745.29;3766.49;3726.93;0;-0.12%
28.08.2020;3745.5;3816.43;3836.74;3739.3;0;-1.85%
27.08.2020;3816;3839.64;3849.54;3804.92;0;-0.51%
26.08.2020;3835.55;3871.54;3884.84;3831.13;0;-0.76%
25.08.2020;3865;3855.67;3887.42;3834.49;0;0.26%
24.08.2020;3855;3834.81;3857.81;3808.06;0;0.5%
21.08.2020;3836;3804;3848.18;3791.52;0;0.84%
20.08.2020;3804;3755.84;3804;3755.84;0;1.25%
19.08.2020;3757;3783.92;3794.94;3754.42;0;-0.74%
18.08.2020;3785;3781.34;3791.47;3768.34;0;-0.21%
17.08.2020;3793;3803;3805.9;3784.32;0;0%
14.08.2020;3793;3772;3796.88;3765.1;0;0.66%
13.08.2020;3768.17;3761.69;3780.39;3749.27;0;0.32%
12.08.2020;3756;3741.24;3761.89;3733.76;0;0.45%
11.08.2020;3739.17;3782.24;3782.24;3739.17;0;-0.87%
10.08.2020;3772.07;3746.78;3786.68;3743.22;0;0.78%
07.08.2020;3743;3743.94;3768.19;3742.19;0;0%
06.08.2020;3743;3775.5;3788.75;3737;0;-0.87%
05.08.2020;3776;3780.52;3786.2;3757.42;0;-0.13%
04.08.2020;3781.01;3768.9;3802.31;3761.38;0;0.4%
03.08.2020;3765.83;3737.48;3777.1;3729.02;0;0.87%
31.07.2020;3733.33;3721.1;3738.5;3716.31;0;0.29%
30.07.2020;3722.5;3705.4;3751.9;3698.21;0;0.44%
29.07.2020;3706.01;3724.31;3726.3;3696.26;0;-0.48%
28.07.2020;3724.01;3674.86;3739.01;3669.16;0;1.36%
27.07.2020;3674.17;3698.37;3698.52;3673.67;0;-0.54%
24.07.2020;3694;3668.7;3703.47;3660.69;0;0.77%
23.07.2020;3665.69;3640.11;3673.03;3634.43;0;0.79%
22.07.2020;3637;3622.28;3639.72;3615.84;0;0.39%
21.07.2020;3623.01;3651.9;3651.9;3612.81;0;-0.74%
20.07.2020;3650.07;3657.87;3663.47;3648.66;0;-0.08%
17.07.2020;3653.1;3644.5;3666;3635.52;0;0.34%
16.07.2020;3640.72;3626.79;3648.01;3620.55;0;0.55%
15.07.2020;3620.8;3627.69;3628.04;3602.92;0;-0.09%
14.07.2020;3624;3619.11;3648.04;3612.87;0;0.18%
13.07.2020;3617.48;3613.39;3626.59;3609.39;0;0.21%
10.07.2020;3610;3623.2;3627.24;3604.5;0;-0.3%
09.07.2020;3620.74;3645.12;3650.7;3620.74;0;-0.48%
08.07.2020;3638.26;3629.31;3646.53;3619.47;0;0.34%
07.07.2020;3626.01;3632.34;3649.26;3622.45;0;-0.3%
06.07.2020;3637.01;3645.31;3645.31;3611.87;0;-0.36%
03.07.2020;3650.05;3648.74;3658.56;3638.1;0;0.12%
02.07.2020;3645.5;3713.25;3715.99;3642.25;0;-1.86%
01.07.2020;3714.5;3755.98;3760.23;3711.63;0;-1.08%
30.06.2020;3755.16;3750.34;3786.87;3734.24;0;0.07%
29.06.2020;3752.66;3753.99;3764.69;3746.24;0;0.04%
26.06.2020;3751;3732;3771;3725.6;0;0.52%
25.06.2020;3731.5;3726.88;3741.57;3723.48;0;0.08%
24.06.2020;3728.51;3699.64;3729.65;3699.64;0;0.77%
23.06.2020;3700;3727.65;3727.7;3693.23;0;-0.74%
22.06.2020;3727.5;3744.75;3748.99;3722.75;0;-0.55%
19.06.2020;3748;3751.2;3754.95;3708.9;0;-0.2%
18.06.2020;3755.37;3757.48;3788.37;3751.33;0;0.2%
17.06.2020;3747.79;3750.54;3768.24;3726.74;0;0.02%
16.06.2020;3747;3775.46;3775.46;3718.96;0;-0.86%
15.06.2020;3779.43;3780.92;3792.42;3776.31;0;0.02%
12.06.2020;3778.5;3773;3782.67;3737.8;0;0.23%
11.06.2020;3769.89;3676.82;3777.86;3670.64;0;2.67%
10.06.2020;3672;3655.44;3690.19;3640.94;0;0.49%
09.06.2020;3654.16;3610.96;3668.54;3606.36;0;1.26%
08.06.2020;3608.61;3575.98;3617.32;3569.78;0;0.99%
05.06.2020;3573.2;3590.25;3591.75;3544.25;0;-0.25%
04.06.2020;3582;3605.2;3624.87;3582;0;-0.69%
03.06.2020;3607;3633.94;3635.49;3560;0;-0.75%
02.06.2020;3634.15;3722.56;3726.66;3620.66;0;-2.23%
01.06.2020;3716.89;3732.76;3737.26;3706.76;0;-0.35%
29.05.2020;3730;3700;3738.2;3694.49;0;0.9%
28.05.2020;3696.67;3736.49;3744.72;3694.83;0;-1.02%
27.05.2020;3734.9;3729.75;3754.77;3726.35;0;0.15%
26.05.2020;3729.27;3772.95;3781.24;3709.64;0;-1.3%
25.05.2020;3778.46;3773.53;3780.4;3768.03;0;0.09%
22.05.2020;3775.03;3770.8;3799.8;3763;0;0.19%
21.05.2020;3767.88;3818.91;3821.37;3762.83;0;-1.2%
20.05.2020;3813.55;3840.24;3840.24;3796.54;0;-0.59%
19.05.2020;3836;3853;3857.5;3809.6;0;-0.43%
18.05.2020;3852.5;3910.5;3914;3827.6;0;-1.5%
15.05.2020;3911.28;3944.5;3946.5;3911.28;0;-0.73%
14.05.2020;3940.06;3916.38;3962.89;3910.23;0;0.77%
13.05.2020;3910.01;3888.16;3918.88;3876.16;0;0.75%
12.05.2020;3881.01;3899.53;3902.03;3871.99;0;-0.34%
11.05.2020;3894.41;3895.68;3922.54;3889.69;0;0.04%
08.05.2020;3893;3922;3926.36;3870.8;0;-0.71%
07.05.2020;3920.89;3966.18;3966.93;3917.01;0;-1.04%
06.05.2020;3962.26;3932.93;3974.12;3931.56;0;0.82%
05.05.2020;3929.99;3985.42;3990.91;3913.91;0;-1.39%
04.05.2020;3985.31;3960.11;4015.4;3960.11;0;0.66%
01.05.2020;3959;3959.43;3969.97;3958.63;0;-0.03%
30.04.2020;3960.05;3926.47;3970.96;3918.88;0;0.98%
29.04.2020;3921.5;4037.5;4038.5;3913.5;0;-2.82%
28.04.2020;4035.26;4062.8;4066.6;4027.6;0;-0.54%
27.04.2020;4057.36;4046.28;4068.76;4027.21;0;0.36%
24.04.2020;4043;4024.3;4048.15;4016.1;0;0.58%
23.04.2020;4019.76;4034.65;4040.31;4004.64;0;-0.26%
22.04.2020;4030.21;4049.3;4060.77;4017.3;0;-0.38%
21.04.2020;4045.42;3977.18;4062.27;3977.13;0;1.78%
20.04.2020;3974.8;3938.43;4002.7;3937.99;0;0.98%
17.04.2020;3936.25;3977.8;4007.49;3936.25;0;-0.98%
16.04.2020;3975.4;3918.63;3988.14;3898.78;0;1.5%
15.04.2020;3916.47;3848.51;3936.36;3848.51;0;1.7%
14.04.2020;3851;3867.88;3877.38;3841.68;0;-0.45%
13.04.2020;3868.35;3835.45;3886.97;3833.77;0;1.08%
10.04.2020;3827;3828;3828.17;3827;0;-0.09%
09.04.2020;3830.44;3899.35;3899.35;3830.44;0;-1.76%
08.04.2020;3899.01;3906.65;3918.93;3861.65;0;-0.18%
07.04.2020;3906;3967;3972.31;3883.43;0;-1.89%
06.04.2020;3981.36;4016;4029.32;3955.56;0;-1.18%
03.04.2020;4029;4039.39;4054.07;3994.19;0;-0.25%
02.04.2020;4039;4087;4122.16;4025.25;0;-1.17%
01.04.2020;4087;4059;4123.18;4050.82;0;0.67%
31.03.2020;4060;4049.82;4066.49;4018.13;0;-0.07%
30.03.2020;4063;4012;4089.59;4012;0;0.94%
27.03.2020;4025;3994.5;4076.04;3994.5;0;1.11%
26.03.2020;3981;4064.5;4069.48;3961.01;0;-2.09%
25.03.2020;4066;4111.88;4121.46;4062.77;0;-1.12%
24.03.2020;4111.88;4179;4185.15;4093.54;0;-1.63%
23.03.2020;4180;4119;4204.9;4111.26;0;1.51%
20.03.2020;4118;4088;4155.19;4033.01;0;0.7%
19.03.2020;4089.22;4158.25;4220.38;4083.05;0;-1.65%
18.03.2020;4158;3998.75;4165.7;3998.75;0;3.99%
17.03.2020;3998.5;4079.5;4079.5;3996.02;0;-2%
16.03.2020;4080;4023;4169.95;4000.38;0;1.22%
13.03.2020;4031;4034.88;4034.88;3900;0;0.07%
12.03.2020;4028;3889.25;4068.13;3885.44;0;3.51%
11.03.2020;3891.5;3766.06;3905.2;3766.06;0;3.36%
10.03.2020;3765;3807.51;3833.99;3752.52;0;-1.26%
09.03.2020;3813.01;3591.75;3842.55;3591.5;0;6.23%
06.03.2020;3589.25;3542;3600.9;3542;0;1.48%
05.03.2020;3537;3477;3544.95;3475.9;0;1.75%
04.03.2020;3476;3458;3484.6;3425;0;0.37%
03.03.2020;3463.22;3462;3487.9;3413;0;0.04%
02.03.2020;3462;3525;3548.4;3458.8;0;-1.84%
28.02.2020;3527;3502.5;3550.53;3502.5;0;0.71%
27.02.2020;3502;3458.5;3521.81;3458.5;0;1.27%
26.02.2020;3458;3437.5;3464.59;3430.6;0;0.63%
25.02.2020;3436.5;3430.2;3439.55;3410.05;0;0.18%
24.02.2020;3430.2;3380;3442;3380;0;1.46%
21.02.2020;3381;3404.4;3424.8;3369;0;-0.69%
20.02.2020;3404.4;3385.5;3416.74;3385.5;0;0.56%
19.02.2020;3385.5;3404.4;3411.5;3385.5;0;-0.54%
18.02.2020;3403.9;3397.72;3420.14;3391;0;0.2%
17.02.2020;3397.22;3390.5;3400.03;3387.3;0;0.17%
14.02.2020;3391.5;3377.05;3393.9;3366.5;0;0.44%
13.02.2020;3376.5;3388.5;3409;3373.51;0;-0.34%
12.02.2020;3388;3420.35;3420.35;3379.5;0;-0.95%
11.02.2020;3420.35;3456.5;3456.5;3417.7;0;-1.05%
10.02.2020;3456.5;3416;3457;3416;0;1.19%
07.02.2020;3416;3380.45;3420;3380.45;0;1.07%
06.02.2020;3379.77;3364.8;3393.25;3362.36;0;0.44%
05.02.2020;3364.8;3362.1;3370.5;3339;0;0.08%
04.02.2020;3362.1;3395.5;3397.49;3360;0;-0.98%
03.02.2020;3395.5;3419;3421.5;3394.35;0;-0.72%
31.01.2020;3420;3412.5;3430.45;3410.5;0;0.28%
30.01.2020;3410.5;3387.3;3419;3387.3;0;0.68%
29.01.2020;3387.5;3387;3403.5;3378.65;0;-0.16%
28.01.2020;3393;3400.9;3402.4;3384.55;0;-0.23%
27.01.2020;3400.9;3365;3406;3365;0;1.07%
24.01.2020;3365;3361.32;3380.77;3349;0;0.15%
23.01.2020;3360;3330.5;3371.6;3324.39;0;0.86%
22.01.2020;3331.5;3356.1;3356.22;3326.7;0;-0.73%
21.01.2020;3356.1;3332.5;3357.89;3332.5;0;0.71%
20.01.2020;3332.5;3333.25;3333.25;3332.5;0;0%
17.01.2020;3332.5;3325.75;3334;3307.69;0;0.29%
16.01.2020;3322.85;3299.65;3328.45;3293;0;0.78%
15.01.2020;3297;3287.1;3308;3282.5;0;0.26%
14.01.2020;3288.6;3269.25;3290.99;3256.05;0;0.55%
13.01.2020;3270.75;3272.2;3301.3;3268.25;0;-0.04%
10.01.2020;3272.2;3256.9;3291.5;3251;0;0.51%
09.01.2020;3255.5;3245.5;3265.61;3241.25;0;0.26%
08.01.2020;3247;3277.25;3280.5;3241;0;-0.48%
07.01.2020;3262.5;3245.71;3266.15;3245.71;0;0.5%
06.01.2020;3246.21;3252;3256.32;3242.81;0;-0.24%
03.01.2020;3254;3253;3282.25;3247.2;0;0%
02.01.2020;3254;3290.23;3291.73;3251.25;0;-1.01%
01.01.2020;3287.23;3287.23;3287.23;3287.23;0;0%
